[
  {
    "id": "infloww_stats_v4_backup",
    "type": "TABLE",
    "description": "",
    "created": "2025-09-03 02:18:24",
    "modified": "2025-09-03 02:18:24",
    "size_bytes": 10918085,
    "num_rows": 44250,
    "schema": [
      {
        "name": "backed_up_at",
        "type": "TIMESTAMP"
      },
      {
        "name": "username",
        "type": "STRING"
      },
      {
        "name": "sending_timestamp",
        "type": "TIMESTAMP"
      },
      {
        "name": "sending_date",
        "type": "DATE"
      },
      {
        "name": "price_usd",
        "type": "NUMERIC"
      },
      {
        "name": "earnings_usd",
        "type": "NUMERIC"
      },
      {
        "name": "sent",
        "type": "INTEGER"
      },
      {
        "name": "viewed",
        "type": "INTEGER"
      },
      {
        "name": "purchased",
        "type": "INTEGER"
      },
      {
        "name": "caption_hash",
        "type": "STRING"
      },
      {
        "name": "row_key_v1",
        "type": "STRING"
      },
      {
        "name": "source",
        "type": "STRING"
      },
      {
        "name": "loaded_at",
        "type": "TIMESTAMP"
      },
      {
        "name": "sender",
        "type": "STRING"
      }
    ]
  }
]
