[
  {
    "id": "v_caption_last_used",
    "type": "VIEW",
    "description": "",
    "created": "2025-09-13 12:48:52",
    "modified": "2025-09-13 12:48:52",
    "query": "SELECT * FROM `of-scheduler-proj.layer_05_ml.v_caption_last_used`",
    "schema": [
      {
        "name": "creator_key",
        "type": "STRING"
      },
      {
        "name": "username_std",
        "type": "STRING"
      },
      {
        "name": "caption_hash",
        "type": "STRING"
      },
      {
        "name": "last_used_ts",
        "type": "TIMESTAMP"
      }
    ]
  },
  {
    "id": "v_caption_safe_candidates",
    "type": "VIEW",
    "description": "",
    "created": "2025-09-13 12:48:51",
    "modified": "2025-09-13 12:48:51",
    "query": "SELECT * FROM `of-scheduler-proj.layer_05_ml.v_caption_safe_candidates`",
    "schema": [
      {
        "name": "caption_key",
        "type": "STRING"
      },
      {
        "name": "caption_id",
        "type": "STRING"
      },
      {
        "name": "caption_hash",
        "type": "STRING"
      },
      {
        "name": "caption_text",
        "type": "STRING"
      },
      {
        "name": "caption_category",
        "type": "STRING"
      },
      {
        "name": "content_tags",
        "type": "STRING",
        "mode": "REPEATED"
      },
      {
        "name": "explicitness_level",
        "type": "INTEGER"
      },
      {
        "name": "creator_username",
        "type": "STRING"
      },
      {
        "name": "username_page",
        "type": "STRING"
      },
      {
        "name": "len_words",
        "type": "INTEGER"
      },
      {
        "name": "emoji_cnt",
        "type": "INTEGER"
      },
      {
        "name": "len_bin",
        "type": "STRING"
      },
      {
        "name": "emoji_bin",
        "type": "STRING"
      },
      {
        "name": "has_cta",
        "type": "BOOLEAN"
      },
      {
        "name": "has_urgency",
        "type": "BOOLEAN"
      },
      {
        "name": "ends_with_question",
        "type": "BOOLEAN"
      }
    ]
  }
]
